{"title":"Evolución del mercado laboral en España","markdown":{"yaml":{"title":"Evolución del mercado laboral en España","description":"Analizaremos la tasa de paro, actividad y empleo en España y Comunidad Valenciana en un periodo determinado de tiempo.\n","author":[{"name":"Paula Martínez (paumars3@alumni.uv.es)"},{"name":"Sonia Monleón (somonfer@alumni.uv.es)"},{"name":"Leire Montón  (leimon2@alumni.uv.es)"}],"date":"2022-12-23","categories":["trabajo BigData"],"image":"foto.jpg","title-block-banner":true,"title-block-banner-color":"white","toc":true,"toc-location":"left","toc-depth":3,"smooth-scroll":true,"format":{"html":{"link-external-newwindow":true}},"code-tools":true,"code-link":true},"headingText":"Introducción","containsRefs":false,"markdown":"\n\n\n\nNuestro trabajo se centra en analizar la evolución del desempleo y del empleo a nivel nacional ya que es un tema que está a la orden del día y desde nuestro punto de vista es interesante aprender y saber sobre ello.\nPor un lado vamos a comenzar definiendo tres conceptos básicos en los cuales se centra nuestro trabajo para así poder entenderlo a la perfección.\nEn primer lugar vamos a comentar la situación laboral a nivel nacional.  Tocando aspectos como la brecha de género o que provincia contiene un mayor tasa de paro, etc.\nEn segundo lugar analizaremos a grandes rasgos para ponernos en contexto la evolución del paro en la comunidad valenciana, seguido indagaremos un poco más y explicaremos la diferencia que existe entre hombres y mujeres en la comunidad valenciana en cuanto al paro teniendo de referencia el año 2020.\nContinuaremos con una pregunta acerca de cada una de nuestras provincias y finalizamos con un par de mapas. \n\n\n# Datos\n\nPara la realización del trabajo ha sido necesaria la obtención de información procedente del INE.\n\nPara poder utilizar estos datos los hemos modificado y adaptado antes de emplearlos. \n\n\n```{r, include = FALSE}\n\n\n#- Ultimos datos EPA:  https://www.ine.es/dyngs/INEbase/es/operacion.htm?c=Estadistica_C&cid=1254736176918&menu=ultiDatos&idp=1254735976595\n#- Hay muchas tablas. anuales, trimestrales, CCAA, provinciales etc ... etc ...\n\nlibrary(tidyverse)\nlibrary(sf)\nlibrary(ggplot2)\nlibrary(ggplotify)\nlibrary(ggplotlyExtra)\n\n\n#- Tasas de actividad, paro y empleo por provincia y sexo: https://www.ine.es/jaxiT3/Tabla.htm?t=3996&L=0\n\n\n#- Descargamos la tabla del INE\nmy_url <- \"https://www.ine.es/jaxiT3/files/t/es/csv_bdsc/3996.csv?nocab=1\"\ncurl::curl_download(my_url, \"./datos/epa_tab_sonia.csv\")\n\n#- DETALLE: los datos q hemos descargados están en formato \"csv\" (PERO separados por ;)\n#- Importamos la tabla al Global\ndf <- rio::import(\"./datos/epa_tab_sonia.csv\") #- no los interpreta bien\nstr(df)\n#- antes de hacer nada: los nombres de las variables tienen q estar bien (ser sintácticamente válidos)\nnames(df) #- están bien pero ... aún así quiero recordar janitor::clean_names()\ndf <- janitor::clean_names(df) \n#- lo arreglamos\ndf <- df %>% mutate(total = stringr::str_replace(total, \",\" , \".\" ))\ndf <- df %>% mutate(total.n = as.numeric(total)) #- había pb en Melilla 2002T2\nstr(df)\ndf <- df %>% select(-total) %>% rename(total = total.n) #- quito lo q sobra\nstr(df)\n\n\n\n#- Veamos q hay en df ----------------------------------------------------\ndf_dicc <- pjpv.curso.R.2022::pjp_dicc(df)\ndf_uniques <- pjpv.curso.R.2022::pjp_valores_unicos(df)\nnames(df)\nrm(df_dicc, df_uniques)\n\n\n#- antes empezar hay que separar 2 columnas\n#- 1) la v. fecha está como texto (\"2022T3\") la pasamos a fecha y sacamos año y mes\ndf <- df %>% \n  mutate(fecha = lubridate::yq(periodo)) %>% \n  mutate(anyo = lubridate::year(fecha)) %>% \n  #mutate(mes = lubridate::month(fecha)) %>% #- el mes no tiene sentido (son trimestrales)\n  mutate(trimestre = lubridate::quarter(fecha))  %>% \n  select(-periodo)   #- quito lo q no hace falta\n\n#- en provincias estan las 52 prov y el \"Total nacional\"\n#- arreglarlo\ndf <- df %>% \n  mutate(provincias = ifelse(provincias == \"Total Nacional\",\n                             paste(\"00\", provincias),\n                             provincias))\ndf <- df %>%  \n  tidyr::separate(provincias, sep = \" \", \n                  into = c(\"ine_prov\", \"ine_prov.n\"), extra = \"merge\") \n\n\ndf_wide <- df %>% pivot_wider(names_from = tasas, values_from = total) \ndf_wide <- janitor::clean_names(df_wide)\nnames(df_wide)\ndf_wide <- df_wide %>% \n  rename(tasa_actividad = tasa_de_actividad) %>% \n  rename(tasa_paro = tasa_de_paro_de_la_poblacion) %>% \n  rename(tasa_empleo = tasa_de_empleo_de_la_poblacion) \n\n```\n\n# Definiciones\n\n-   TASA DE PARO (TASA DE DESEMPLEO): Es el cociente entre el número de parados y el de activos. El desempleo es la situación en la que se encuentra una persona en edad y capacidad de trabajar pero no tiene un trabajo remunerado o un empleo por cuenta propia.\n\n-   TASA DE ACTIVIDAD: Es el cociente entre el total de activos y la población mayor de 16 años ( en edad de trabajar). Es decir, dicha tasa nos dice cuántas personas se encuentran en edad de trabajar y desean hacerlo.\n\n-   TASA DE OCUPACIÓN (TASA DE EMPLEO): proporción de personas ocupadas sobre el total de población de esas edades.\n\n# Nivel nacional\n\n## Tasa paro, actividad, empleo\n\n**Evolución de las tasas a nivel nacional de ambos sexos**\n\n```{r, echo = FALSE,message = FALSE, warning = FALSE}\n\n#tasa de paro \n\ndf_totnac <-  df_wide %>% filter(ine_prov_n == \"Total Nacional\") %>% filter(sexo == \"Ambos sexos\") %>% filter(trimestre == 4)\n\np2_paro <- ggplot(data = df_totnac, \n             aes(x = anyo, y = tasa_paro)) + geom_col(fill = \"#82E0AA\") + labs(title = \"Evolución de la tasa de paro a nivel nacional\",\n       caption = \"Datos provenientes del INE\",\n       x = \"\",\n       y = \"Tasa de paro\") + theme_light()\n\np2_paro + geom_smooth(color = \"black\") \n\n```\n\n-   Tasa de paro: observamos una tasa bastante moderada desde 2002 hasta 2007, pero es en 2008 cuando observamos un cambio . Pues la tasa de paro comienza a dispararse comparado con los años anteriores (pasa de un 9% a un 14% aproximadamente). Esto se debe a la crisis de 2008, la cual comentaremos más tarde. El número de desempleados comenzó a aumentar en el verano de 2008 y alcanzó un máximo histórico en 2013 de alrededor de un 26%, con más de cinco millones de parados. Los números comenzaron a bajar desde entonces y solo se han vuelto a acercar con la actual crisis del coronavirus (aproximadamente un 16% en 2020) que ha obligado a muchas empresas a despedir o a hacer ERTE. \n\n```{r, echo = FALSE,message = FALSE, warning = FALSE}\n#tasa de actividad\n\np2_actividad <- ggplot(data = df_totnac, \n                  aes(x = anyo, y = tasa_actividad)) + geom_col(fill = \"#EC7063\") + labs(title = \"Evolución de la tasa de actividad a nivel nacional\", caption = \"Datos provenientes del INE\",x = \"\", y = \"Tasa de actividad\") + theme_light()\n\np2_actividad + geom_smooth(color = \"black\")\n\n```\n\n-   Tasa de actividad: la tasa de actividad española siempre ha sido muy elevada y se ha mantenido constante entre unos niveles entre el 55% y el 60%. La tasa de actividad en nuestro país tiene un comportamiento cíclico.\n\n```{r, echo = FALSE,message = FALSE, warning = FALSE}\n\n#tasa empleo \n\np2_empleo <- ggplot(data = df_totnac, \n                  aes(x = anyo, y = tasa_empleo)) + geom_col(fill = \"#BB8FCE\") + labs(title = \"Evolución de la tasa de empleo a nivel nacional\", caption = \"Datos provenientes del INE\",x = \"\", y = \"Tasa de empleo\") + theme_light()\n\np2_empleo + geom_smooth(color = \"black\")\n                      \n```\n\n-   Tasa de empleo: la tasa de empleo también se ha mantenido siempre muy elevada, aunque cabe destacar la época de la crisis de 2008 dónde las cifras disminuyeron significativamente, siendo el 2013 cuando menor tasa de empleo había (alrededor de un 43%). Esto es algo normal ya que en época de crisis la oferta de empleo se reduce por lo tanto los empleados disminuyen. También notamos una pequeña caída de la tasa de empleo en 2020 debido a la pandemia.\n\n## La Gran Recesión vs COVID-19\n\n**Comparación de la tasa de paro durante el covid y la crisis del 2008. ¿En cuál tuvo más impacto?**\n\nPara comenzar vamos a explicar en qué consistió cada una de las crisis para después analizar los resultados de ambas y poder compararlas.\n\nGran Recesión: El abaratamiento del precio de la vivienda unido al desempleo conllevó que muchos ciudadanos no pudieran hacerse cargo de sus hipotecas, ni aun vendiendo sus inmuebles. Esta situación se produjo debido a que en zonas donde los precios se habían inflado mucho, el precio de la vivienda era inferior al de la deuda hipotecaria contraída. El comienzo de la crisis mundial del 2008 supuso para España la explosión de otros problemas: el final de la burbuja inmobiliaria, la crisis bancaria de 2010 y finalmente el aumento del desempleo. La drástica disminución del crédito a familias y pequeños empresarios por parte de los bancos y las cajas de ahorros, algunas políticas de gasto llevadas a cabo por el gobierno central, el elevado déficit público de las administraciones autonómicas y municipales, la corrupción política, el deterioro de la productividad y la competitividad y la alta dependencia del petróleo fueron otros de los problemas que también contribuyeron al agravamiento de la crisis. Se extendió más allá de la economía para afectar a los ámbitos institucionales, políticos y sociales.\n\nCrisis del COVID-19: Es una crisis económica mundial iniciada en 2020, que ha provocado una recesión global y una depresión en varios países. Ha causado graves repercusiones en las economías de todo el mundo, inmediatamente después de una ralentización económica mundial durante 2019 provocó el estancamiento mundial de los mercados de valores y la actividad del consumidor. El primer caso documentado de COVID-19 en Wuhan, China, fue reportado en noviembre de 2019. El gobierno de China estableció restricciones de viaje y cuarentenas. Cuando el virus se esparció fuera de China, otros países adoptaron medidas similares. El brote inicial se expandió hasta convertirse en una pandemia. El primer signo importante de la recesión fue el colapso del mercado de valores de 2020, que comenzó a fines de febrero y duró hasta marzo. Los gobiernos ordenaron el cierre de establecimientos no esenciales, y que los ciudadanos permanecieran en sus hogares, saliendo únicamente para trabajar (en algunos casos especiales) o para adquirir necesidades básicas (alimentos, medicinas, etc.). Ha afectado a más de la mitad de la población mundial, y ha provocado que muchas industrias, fábricas y empresas de todo tipo reduzcan su actividad habitual, trabajen en condiciones restringidas; e incluso cesen temporal o definitivamente sus actividades, especialmente en establecimientos no esenciales como ser: restaurantes, bares, centros educativos, centros comerciales, cines, negocios minoristas y toda actividad o evento que implique aglomeraciones; causando por ende un gran impacto socioeconómico en gran parte del mundo.\n\n```{r, echo = FALSE, message = FALSE, warning = FALSE}\ndf_covid <- df_wide %>% filter(anyo %in% c(2018, 2019, 2020, 2021,2022)) %>% filter(ine_prov_n == \"Total Nacional\") %>% filter(sexo == \"Ambos sexos\")  %>% select(tasa_paro, anyo, trimestre)\n\np6_covid <- ggplot(data = df_covid, aes(x = anyo, y = tasa_paro, color = trimestre)) + geom_line() + geom_point() +\n  labs(title = \"Tasa de paro durante el COVID 19\",\n       subtitle = \"(por trimestre)\",\n       caption = \"Datos provenientes del INE\",\n       x = \"\",\n       y = \"Tasa de paro\",\n       color = \"Trimestre\") + theme_classic() \n\nplotly::ggplotly(p6_covid)\n\ndf_2008 <- df_wide %>% filter(anyo %in% c(2007, 2008, 2009,2010, 2011, 2012, 2013, 2014)) %>% filter(ine_prov_n == \"Total Nacional\") %>% filter(sexo == \"Ambos sexos\") %>% select(tasa_paro, anyo, trimestre)\n\np6_2008 <- ggplot(data = df_2008, aes(x = anyo, y = tasa_paro, color = trimestre)) + geom_line() + geom_point() +\n  labs(title = \"Tasa de paro durante la Gran Recesión\",\n       subtitle = \"(por trimestre)\",\n       caption = \"Datos provenientes del INE\",\n       x = \"\",\n       y = \"Tasa de paro\",\n       color = \"Trimestre\") + theme_classic()\n\nplotly::ggplotly(p6_2008)\n\n```\n\nHemos analizado en periodos de tiempo lo que sucedió durante ambas crisis, siendo la crisis del 2008 del periodo 2007-2014 y la del COVID del 2018-2022. La mayor tasa de paro en 2020 fue del 16,26% en el trimestre 3 y la mayor tasa de paro en 2008 fue del 13,79% en el trimestre 4. Esto a priori nos puede indicar que la crisis del COVID ha dado peores resultados en cuanto a empleo que la Gran Recesión, sin embargo la gravedad de la crisis del 2008 radica en los años posteriores. La tasa de paro no paró de aumentar durante todo el periodo. El desempleo, que marcaba un mínimo histórico durante la primavera de 2007 con un 7,93% pasó a registrar un máximo histórico en el primer trimestre de 2013 con un 26,94%. Si bien es cierto que tras ese pico fue disminuyendo el desempleo, la economía española tardó bastantes más años en recuperar los niveles previos a la crisis del desempleo. Al contrario de la crisis del COVID que durante los años siguientes la tasa de paro decreció hasta alcanzar un 12,69% en la actualidad. Por lo tanto podemos decir que la tasa de paro durante el COVID-19 tiene una evolución más decreciente mientras que la de la Gran Depresión es ascendente. En conclusión el efecto sobre el desempleo de la crisis del COVID ha sido menor que el de la crisis de 2008 puesto que se trataba de un desempleo temporal, es decir, durante la cuarentena se perdieron muchos trabajos debido a que no se podía salir de casa, pero tras esto el empleo se ha ido recuperando poco a poco.\n\n## Tasas según provincias\n\n**¿Qué provincia tuvo un mayor paro en 2020 (año del covid)? ¿ Y un mayor empleo?**\n\n```{r, echo = FALSE, message = FALSE, warning = FALSE}\nlibrary(gt)\n\ntop_1_paro <- df_wide %>% filter(anyo == 2020) %>% \n  filter(sexo == \"Ambos sexos\") %>% top_n(1, tasa_paro) %>% group_by(ine_prov_n) %>% select(ine_prov_n, anyo, trimestre, tasa_paro) %>% \n  ungroup()\n\n\nimg_locales <- c(\"./imagenes/bandera_Jaen.png\")\n\ndf_img <- cbind(top_1_paro, img_locales)  \ntt_img <- df_img %>% gt() \ntt_img %>% \n  gt::text_transform(locations = cells_body(columns = c(img_locales)), \n                     fn = function(x){gt::local_image(x, height = 30)}) %>% \n  tab_header(title = \"Provincia con mayor paro en 2020\") %>% cols_label(anyo = \"Año\", trimestre = \"Trimestre\", tasa_paro = \"Tasa de paro\", ine_prov_n = \"Provincia\", img_locales = \"\") %>% \n  opt_table_font(font = google_font(\"Fira Mono\")) %>% \n  tab_options(column_labels.border.bottom.color = \"black\",\n              table_body.border.bottom.color = \"black\",\n              table_body.hlines.color = \"white\") \n              \n\n#Provincia con mayor empleo en 2020 \n\ntop_1_empleo <- df_wide %>% filter(anyo == 2020) %>%\n  filter(sexo == \"Ambos sexos\") %>% top_n(1, tasa_empleo) %>% group_by(ine_prov_n)  %>% select(ine_prov_n, anyo, trimestre, tasa_empleo) %>% ungroup()\n\nimg_locales2 <- c(\"./imagenes/bandera_Lleida.png\")\n\ndf_img2 <- cbind(top_1_empleo, img_locales2) \ntt_img2 <- df_img2 %>% gt() \ntt_img2 %>% \n  gt::text_transform(locations = cells_body(columns = c(img_locales2)),fn = function(x){gt::local_image(x, height = 30)}) %>% \n  tab_header(title = \"Provincia con mayor empleo en 2020\") %>% cols_label(anyo = \"Año\", trimestre = \"Trimestre\", tasa_empleo = \"Tasa de empleo\", ine_prov_n = \"Provincia\", img_locales2 = \"\") %>%\n  opt_table_font(font = google_font(\"Fira Mono\")) %>% \n  tab_options(column_labels.border.bottom.color = \"black\",\n              table_body.border.bottom.color = \"black\",\n              table_body.hlines.color = \"white\")\n\n```\n\nEl año 2020 como ya sabemos fue el año del Covid-19, durante la pandemia muchas empresas cerraron y miles de trabajadores perdieron su puesto debido a los problemas económicos tras el largo parón provocado por el confinamiento. Por lo que el paro se disparó a nivel nacional, se destruyeron alrededor de 622.600 empleos. La provincia con mayor paro en 2020 fue Jaén con una cifra del 27.44% (esta cifra se alcanzó en el tercer trimestre). Tras la declaración del estado de alarma se cerraron más de 3.700 empresas, desapareció el 17% del tejido empresarial jienense. No se había anotado una cifra tan baja desde 2015. El mayor porcentaje de empresas destruidas se encuentra en la construcción con un 31%. Al contrario la provincia con una menor tasa de desempleo, es decir, con un mayor empleo fue Lleida con una cifra del 57.06% (esta cifra se alcanzó en el primer trimestre).\n\n## Brecha de género\n\n**¿Existe una brecha de género en la actualidad en cuanto al empleo?**\n\n```{r, echo = FALSE, message = FALSE, warning = FALSE}\ndf_3 <- df_wide  %>% \n  filter(sexo != \"Ambos sexos\") %>% filter(ine_prov_n == \"Total Nacional\") %>% filter(trimestre == 1) %>% select(tasa_empleo, sexo, ine_prov_n, anyo)\n\np3 <- ggplot(data = df_3, aes(x = anyo, y = tasa_empleo, color = sexo)) +\n  geom_line(linewidth = 1.5) +\n  geom_label(data = df_3, aes(x = anyo, y = tasa_empleo, label = \n                                tasa_empleo)) +\n  labs(title = \"Brecha de género en cuanto a empleo\", caption = \"Datos \nprovenientes del INE\",x = \"\", y = \"Tasa de empleo\")+\n  scale_color_manual(values = c(\"purple\", \"green\"), name = NULL) + \n  theme(legend.position = \"none\") +\n  annotate(geom = \"text\", x = 2024, y = 56.2, label =\"Hombres\", color = \n             \"black\", size = 4) +\n  annotate(geom = \"text\", x = 2024, y = 45.5, label =\"Mujeres\", color = \n             \"black\", size = 4)+ theme_classic() +\n  theme(legend.position = \"none\")\n\np3\n\n```\n\nComo se puede comprobar en el gráfico hay una clara diferencia en la tasa de empleo entre hombres y mujeres a lo largo del periodo entre 2002 y 2022. En 2002 es cuando se puede observar una mayor brecha (la tasa de empleo de mujeres es del 35,20% mientras que la de los hombres es del 61,11%, lo que implica una diferencia de casi un 26%) La menor brecha la podemos encontrar en el año 2014 con una diferencia del 9,39%. Sin embargo esa brecha se mantiene a lo largo de los años, en la actualidad representa un 10,44%, y de momento no vemos convergencia de la empleabilidad entre hombres y mujeres ya que pese a que la diferencia haya bajado se sigue manteniendo alrededor del 10% y no muestra una tendencia a la baja, lo cual supone un problema de desigualdad. Algunas de las causas por las que hoy en día se sigue hablando de la brecha de género es por temas de educación o creencias arraigadas en normas y actitudes del pasado.\n\n# Comunidad Valenciana\n\n## Tasa de paro\n\n**Analizar la evolución del paro en el último trimestre desde 2002 hasta 2021 en la Comunidad Valencia (por provincias) para ambos sexos.**\n\n```{r, echo=FALSE, message = FALSE, warning = FALSE}\nPreg_0 <- df_wide  %>% filter(ine_prov_n %in% c(\"Valencia/València\", \"Alicante/Alacant\", \"Castellón/Castelló\")) %>% select(tasa_paro, anyo, ine_prov_n, trimestre) %>% \n  filter(trimestre == 4)\n\np0 <- ggplot(data = Preg_0, \n             aes(x = anyo, y = tasa_paro)) + geom_col(fill = \"#E31B88\") \n\n\np0 <- p0 + facet_grid(rows = vars(ine_prov_n)) +\n  labs(title = \"Evolución del paro en la Comunidad Valenciana\",\n       subtitle = \"(último trimestre de cada año)\",\n       caption = \"Datos provenientes del INE\",\n       x = \"\",\n       y = \"Tasa de paro\") + theme_classic() \n\nplotly::ggplotly(p0)\n\n```\n\nPodemos observar que las tres provincias siguen una misma tendencia, si bien es cierto que los valores en Alicante son un poco más elevados.\nPor un lado, desde el 2002 hasta el 2007 los valores de paro eran bajos. La Comunidad Valenciana se encontraba en una situación económica muy buena. Sin embargo, a partir de 2008 vemos un cambio bastante significativo ya que la tasa de paro comienza a aumentar de forma considerable llegando en 2013 a tener unos niveles muy elevados. Esto se debe a la gran crisis financiera que hubo. Más tarde comienza a recuperarse pero con la llegada de la pandemia los niveles vuelven a aumentar. \nActualmente la Comunidad Valenciana está comenzando a recuperarse y podemos decir que cuenta con un mayor peso en la industria cerámica, la química, la metalurgia, la industria del automóvil y también en el turismo mediterraneo, sectores que están ayudando a que la tasa de paro continúe bajando. \n\n\n**Tasa de paro según mujeres y hombres durante los 4 trimestres del 2020 en Valencia**\n\n```{r, echo=FALSE, message = FALSE, warning = FALSE}\ndf_trimestre_1 <- df_wide %>% filter(sexo %in% c(\"Hombres\", \"Mujeres\")) %>% filter(ine_prov_n == \"Valencia/València\") %>% filter(anyo == 2020) %>% select(tasa_paro,trimestre, sexo, anyo)%>% filter(trimestre == 1)\n\nprimer_trimestre <- ggplot(df_trimestre_1, aes(\"\", tasa_paro, fill = sexo)) + geom_bar(stat = \"identity\", color=\"white\") +\n  coord_polar(theta = \"y\") +  \n  theme_void() +  \n  scale_fill_manual(values=c(\"orchid1\",\"olivedrab1\")) + geom_text(aes(label = tasa_paro),  position = position_stack(vjust = 0.5), color = \"black\", size = 2.5) + \n  labs(subtitle = \"Primer trimestre\") + \n  theme(plot.subtitle = element_text(hjust = 0.5)) + \n  theme(legend.position = \"none\") \n\n\n\n\ndf_trimestre_2 <- df_wide %>% filter(sexo %in% c(\"Hombres\", \"Mujeres\")) %>% filter(ine_prov_n == \"Valencia/València\") %>% filter(anyo == 2020) %>% select(tasa_paro,trimestre, sexo, anyo)%>% filter(trimestre == 2)\n\nsegundo_trimestre <- ggplot(df_trimestre_2, aes(\"\", tasa_paro, fill = sexo)) + geom_bar(stat = \"identity\", color=\"white\") +\n  coord_polar(theta = \"y\") +  \n  theme_void() +  \n  scale_fill_manual(values=c(\"orchid1\",\"olivedrab1\")) + geom_text(aes(label = tasa_paro),  position = position_stack(vjust = 0.5), color = \"black\", size = 2.5) + \n  labs(subtitle = \"Segundo trimestre\") + \n  theme(plot.subtitle = element_text(hjust = 0.5)) + \n  theme(legend.position = \"none\") \n\n\n\ndf_trimestre_3 <- df_wide %>% filter(sexo %in% c(\"Hombres\", \"Mujeres\")) %>% filter(ine_prov_n == \"Valencia/València\") %>% filter(anyo == 2020) %>% select(tasa_paro,trimestre, sexo, anyo)%>% filter(trimestre == 3)\n\ntercer_trimestre <- ggplot(df_trimestre_3, aes(\"\", tasa_paro, fill = sexo)) + geom_bar(stat = \"identity\", color=\"white\") +\n  coord_polar(theta = \"y\") +  \n  theme_void() +  \n  scale_fill_manual(values=c(\"orchid1\",\"olivedrab1\")) + geom_text(aes(label = tasa_paro),  position = position_stack(vjust = 0.5), color = \"black\", size = 2.5) + \n  labs(subtitle = \"Tercer trimestre\") + \n  theme(plot.subtitle = element_text(hjust = 0.5)) + \n  theme(legend.position = \"none\") \n\n\n\ndf_trimestre_4 <- df_wide %>% filter(sexo %in% c(\"Hombres\", \"Mujeres\")) %>% filter(ine_prov_n == \"Valencia/València\") %>% filter(anyo == 2020) %>% select(tasa_paro,trimestre, sexo, anyo)%>% filter(trimestre == 4)\n\ncuarto_trimestre <- ggplot(df_trimestre_4, aes(\"\", tasa_paro, fill = sexo)) + geom_bar(stat = \"identity\", color=\"white\") +\n  coord_polar(theta = \"y\") +  \n  theme_void() +  \n  scale_fill_manual(values=c(\"orchid1\",\"olivedrab1\")) + geom_text(aes(label = tasa_paro),  position = position_stack(vjust = 0.5), color = \"black\", size = 2.5) + \n  labs(subtitle = \"Cuarto trimestre\") + \n  theme(plot.subtitle = element_text(hjust = 0.5)) + \n  theme(legend.position = \"none\") \n\n\nlibrary(patchwork)\n\np1 <- (primer_trimestre + segundo_trimestre) / (tercer_trimestre + cuarto_trimestre) + labs(title = \"tasa de paro durante los 4 trimestres del 2020\", color = \"sexo\") + theme(legend.position = \"left\") \np1 \n\n```\n\nValencia es la capital de la comunidad autónoma y dónde actualmente nos encontramos por lo que nos ha parecido interesante dar esta serie de datos.\nEn los cuatro trimestres podemos observar que la tasa de paro es más elevada en las mujeres que en los hombres. El cuarto trimestre es en el que notamos una mayor diferencia, la tasa de paro de las mujeres suponen un 18.59% y la de los hombres un 12.9%. \nQue en Valencia la tasa de paro sea más elevada en las mujeres se puede deber a la gran brecha de género que existe en cuanto al empleo, tema que hemos tratado anteriormente. \nTambién debemos tener en cuenta que el año seleccionado es el 2020, año del Covid-19, dónde gran mayoría de las empresas españolas se vieron en la obligación de cerrar sus puertas. Uno de los sectores más dañados fue el sector de la hostelería o el turismo que justamente son los sectores dónde mayoritariamente trabajan las mujeres. Por lo que el desempleo femenino en 2020 se debe principalmente a esta razón.\n\n\n## Estacionalidad\n\n**¿Existe estacionalidad en la comunidad valenciana?**\n\n```{r, echo=FALSE, message = FALSE, warning = FALSE}\n\nestac_t1 <- df_wide  %>% filter(ine_prov_n %in% c(\"Valencia/València\", \"Alicante/Alacant\", \"Castellón/Castelló\"))%>% filter(trimestre == 1) %>% filter(sexo == \"Ambos sexos\") %>% select(tasa_empleo, anyo, ine_prov_n) \n\ntt_1 <- estac_t1 %>% gt()\ntt_1 <- gt::gt(estac_t1)\ntt_1 %>% \n  tab_header(title = \"Estacionalidad Comunidad Valenciana\", subtitle = md (\"**primer trimestre**\")) %>% cols_label(tasa_empleo = \"Tasa de empleo\",  anyo = \"Año\", ine_prov_n = \"Provincia\") %>% cols_move(columns = c(tasa_empleo, anyo), after = c(ine_prov_n))  %>% \n  fmt_number(columns = c(tasa_empleo),\n             decimals = 2, \n             sep_mark = \".\", \n             dec_mark = \",\")  %>% \n  summary_rows(columns = c(tasa_empleo),\n               fns = list(Media = ~ mean(., na.rm = TRUE))) %>% opt_stylize(style = 1, color = \"red\")\n\n\n#segundo trimestre \n\nestac_t2 <- df_wide  %>% filter(ine_prov_n %in% c(\"Valencia/València\", \"Alicante/Alacant\", \"Castellón/Castelló\"))%>% filter(trimestre == 2) %>% filter(sexo == \"Ambos sexos\") %>% select(tasa_empleo, anyo, ine_prov_n) \n\ntt_2 <- estac_t2 %>% gt()\ntt_2 <- gt::gt(estac_t2)\ntt_2 %>% \n  tab_header(title = \"Estacionalidad Comunidad Valenciana\", subtitle = md (\"**segundo trimestre**\")) %>% cols_label(tasa_empleo = \"Tasa de empleo\",  anyo = \"Año\", ine_prov_n = \"Provincia\") %>% cols_move(columns = c(tasa_empleo, anyo), after = c(ine_prov_n))%>% \n  fmt_number(columns = c(tasa_empleo),\n             decimals = 2, \n             sep_mark = \".\", \n             dec_mark = \",\")%>% \n  summary_rows(columns = c(tasa_empleo),\n               fns = list(Media = ~ mean(., na.rm = TRUE))) %>% opt_stylize(style = 1, color = \"green\")\n\n#tercer trimestre\n\nestac_t3 <- df_wide  %>% filter(ine_prov_n %in% c(\"Valencia/València\", \"Alicante/Alacant\", \"Castellón/Castelló\"))%>% filter(trimestre == 3) %>% filter(sexo == \"Ambos sexos\") %>% select(tasa_empleo, anyo, ine_prov_n) \n\ntt_3 <- estac_t3 %>% gt()\ntt_3 <- gt::gt(estac_t3)\ntt_3 %>% \n  tab_header(title = \"Estacionalidad Comunidad Valenciana\", subtitle = md (\"**tercer trimestre**\")) %>% cols_label(tasa_empleo = \"Tasa de empleo\",  anyo = \"Año\", ine_prov_n = \"Provincia\") %>% cols_move(columns = c(tasa_empleo, anyo), after = c(ine_prov_n)) %>% \n  fmt_number(columns = c(tasa_empleo),\n             decimals = 2, \n             sep_mark = \".\", \n             dec_mark = \",\") %>% \n  summary_rows(columns = c(tasa_empleo),\n               fns = list(Media = ~ mean(., na.rm = TRUE))) %>% opt_stylize(style = 1, color = \"pink\")\n\n\n#cuarto trimestre\n\nestac_t4 <- df_wide  %>% filter(ine_prov_n %in% c(\"Valencia/València\", \"Alicante/Alacant\", \"Castellón/Castelló\"))%>% filter(trimestre == 4) %>% filter(sexo == \"Ambos sexos\") %>% select(tasa_empleo, anyo, ine_prov_n) \n\ntt_4 <- estac_t4 %>% gt()\ntt_4 <- gt::gt(estac_t4)\ntt_4 %>% \n  tab_header(title = \"Estacionalidad Comunidad Valenciana\", subtitle = md (\"**cuarto trimestre**\")) %>% cols_label(tasa_empleo = \"Tasa de empleo\",  anyo = \"Año\", ine_prov_n = \"Provincia\") %>% cols_move(columns = c(tasa_empleo, anyo), after = c(ine_prov_n))  %>% \n  fmt_number(columns = c(tasa_empleo),\n             decimals = 2, \n             sep_mark = \".\", \n             dec_mark = \",\") %>% \n  summary_rows(columns = c(tasa_empleo),\n               fns = list(Media = ~ mean(., na.rm = TRUE))) %>% opt_stylize(style = 1, color = \"cyan\")\n\n```\n\nVamos a analizar la estacionalidad respecto a la tasa de empleo en la Comunidad Valenciana. La estacionalidad es la repetición de determinadas variaciones en una variable cada cierto tiempo; en nuestro caso, de la tasa de empleo en los 4 trimestres de un año.\n\nCon nuestro análisis podemos observar la media de la Comunidad Valenciana para cada trimestre de 2002-2022. \nEn el primer trimestre la tasa de empleo media es de 48,66%, en el segundo de 48,85%, en el tercero de 49,21% y en el cuarto es de 49,36%.\nAnte estos resultados confirmamos que existe estacionalidad debido a que los trimestres de mayor empleo son el tercero y el cuarto; trimestres entre los que se desarrolla el verano y la navidad, dos épocas del año en las que se dan las mayores campañas comerciales. \nPara llevar a cabo tales campañas se contratan empleados exclusivamente para ese exceso de trabajo que se genera, por ello normalmente la estacionalidad genera una ilusión debido a que los aumentos de empleo realmente son por el momento en que se producen y no porque este aumente realmente. En épocas de crisis podemos encontrar excepciones como en 2008, sin embargo; con la crisis de 2020 continua cumpliendose la estacionalidad en los dos últimos trimestres del año.\nPor lo tanto, podemos concluir que a pesar del año que estemos analizando, se cumple la estacionalidad en el empleo con puntuales excepciones.\n\n\n# Nuestras provincias\n\n**Ya que cada integrante del grupo pertenece a una provincia hemos decidido buscar cuál ha sido el año en el que más actividad ha habido en cada una de nuestras provincias.**\n\n```{r, echo=FALSE, message = FALSE, warning = FALSE}\n#Teruel \n\nteruel <- df_wide %>% filter(ine_prov_n == \"Teruel\") %>% \n  filter(sexo == \"Ambos sexos\") %>% top_n(1, tasa_actividad) %>% group_by(anyo) %>% select(anyo, trimestre, tasa_actividad) %>% ungroup()\n\nimg_locales3 <- c(\"./imagenes/bandera_ter.png\")\n\ndf_img3 <- cbind(teruel, img_locales3) \ntt_img3 <- df_img3 %>% gt() \ntt_img3 %>% \n  gt::text_transform(locations = cells_body(columns = c(img_locales3)), \n                     fn = function(x){gt::local_image(x, height = 30)}) %>% \n  tab_header(title = \"Año con mayor Tasa de Actividad\", subtitle = md (\"**Teruel**\")) %>% cols_label(anyo = \"Año\", trimestre = \"Trimestre\", tasa_actividad = \"Tasa de actividad\", img_locales3 = \"\") %>%\n  opt_table_font(font = google_font(\"Fira Mono\")) %>% \n  tab_options(column_labels.border.bottom.color = \"black\",\n              table_body.border.bottom.color = \"black\",\n              table_body.hlines.color = \"white\")\n\n#Logroño \n\nLa_Rioja <- df_wide %>% filter(ine_prov_n == \"Rioja, La\") %>% \n  filter(sexo == \"Ambos sexos\") %>% top_n(1, tasa_actividad) %>% group_by(anyo) %>% select(anyo, trimestre, tasa_actividad) %>% ungroup()\n\nimg_locales4 <- c(\"./imagenes/bandera_rioja.png\")\n\ndf_img4 <- cbind(La_Rioja, img_locales4) \ntt_img4 <- df_img4 %>% gt() \ntt_img4 %>% \n  gt::text_transform(locations = cells_body(columns = c(img_locales4)), \n                     fn = function(x){gt::local_image(x, height = 30)}) %>% \n  tab_header(title = \"Año con mayor Tasa de Actividad\", subtitle = md (\"**La Rioja**\")) %>% cols_label(anyo = \"Año\", trimestre = \"Trimestre\", tasa_actividad = \"Tasa de actividad\", img_locales4 = \"\") %>%\n  opt_table_font(font = google_font(\"Fira Mono\")) %>% \n  tab_options(column_labels.border.bottom.color = \"black\",\n              table_body.border.bottom.color = \"black\",\n              table_body.hlines.color = \"white\")\n\n\n#Valencia \n\nValencia <- df_wide %>% filter(ine_prov_n == \"Valencia/València\") %>%\n  filter(sexo == \"Ambos sexos\") %>% top_n(1, tasa_actividad) %>% group_by(anyo) %>% select(anyo, trimestre, tasa_actividad) %>% ungroup()\n\nimg_locales5 <- c(\"./imagenes/bandera_Vlc.png\")\n\ndf_img5 <- cbind(Valencia, img_locales5) \ntt_img5 <- df_img5 %>% gt() \ntt_img5 %>% \n  gt::text_transform(locations = cells_body(columns = c(img_locales5)), \n                     fn = function(x){gt::local_image(x, height = 30)}) %>% \n  tab_header(title = \"Año con mayor Tasa de Actividad\", subtitle = md (\"**Valencia**\")) %>% cols_label(anyo = \"Año\", trimestre = \"Trimestre\", tasa_actividad = \"Tasa de actividad\", img_locales5 = \"\") %>%\n  opt_table_font(font = google_font(\"Fira Mono\")) %>% \n  tab_options(column_labels.border.bottom.color = \"black\",\n              table_body.border.bottom.color = \"black\",\n              table_body.hlines.color = \"white\")\n\n```\n\nEn Teruel el año con mayor tasa de actividad ha sido 2022, con un valor del 58.31%, es decir actualmente es cuando más están buscando empleo. En La Rioja fue 2011 el año de mayor tasa de actividad con un 61.72%.\n\nEn Valencia la mayor tasa de actividad fue del 62.24% en el año 2008, es decir al principio de la Gran Recesión fue cuando los valencianos buscaron más empleo.\n\n# Mapas\n\n## Tasa de paro\n\n```{r, echo = FALSE, message = FALSE, warning = FALSE}\n#- cargo geometrías de provincias\ndf_geo_prov <- pjpv.curso.R.2022::LAU2_prov_2020_canarias\n\n\n#- me quedo con las vv. q me interesan\ndf_geo_prov <- df_geo_prov %>% select(ine_prov, ine_prov.n)\n\n\n\n#creo un nuevo df con los datos que quiero\n\ndf_new <- df_wide %>% filter(sexo == \"Ambos sexos\") %>% filter(anyo == 2022) %>% filter(trimestre == 3) %>%  filter(ine_prov_n!= \"Total Nacional\") %>% select(anyo, ine_prov, ine_prov_n, tasa_paro )\n\n#- junto geometría (df_geo_prov) con datos INE (df_new)\n#- las geometrías a la izquierda\ndf_ok <- left_join(df_geo_prov, df_new, by = c(\"ine_prov\" = \"ine_prov\"))\n\n\np <- ggplot() + \n  geom_sf(data = df_ok, \n          aes(geometry = geometry, fill = tasa_paro), \n          color = \"white\", size = 0.09) \n\n\n\n#- luego ya hay que tunearlo \np + scale_fill_distiller(palette = 11, name = NULL) +\n  labs(title = \"Tasa de paro en 2022 según Provincias \" , caption = \"Datos provenientes del INE\") + theme_void()\n\n```\n\nObservamos el mapa de España con diferentes tonalidades de azul en función de su mayor o menor tasa de paro.\n\nA primera vista, podemos reconocer que la parte superior de la península y las Islas Baleares son las zonas más oscuras; es decir, en esas zonas la tasa de paro es muy baja, situándose en valores en torno al 15% y para los más oscuros entre 0-10%. \nEn el sur de la península vemos que es dónde se encuentran las provincias con mayor tasa de paro. En particular encontramos las provincias como Córdoba, Granada o Cádiz son las que presentan una tasa más elevada, rondando el 30%.\nEn Castilla La Mancha se encuentran las tasas más bajas de la zona sur, en Albacete y Cuenca con tasas cercanas al 10-15%. \nEstas diferencias en la tasa de paro no son una sorpresa, la zona norte de España está más industrializada y tiene mejores resultados en la mayoría de áreas económicas como es en competitividad, el PIB per cápica y también en el empleo.\n\n\n## Tasa de empleo\n\n```{r, echo=FALSE, message = FALSE, warning = FALSE}\n#mapa empleo 2022\n\n#creo un nuevo df con los datos que quiero\n\ndf_new_2 <- df_wide %>% filter(sexo == \"Ambos sexos\") %>% filter(anyo == 2022) %>% filter(trimestre == 3) %>%  filter(ine_prov_n!= \"Total Nacional\") %>% select(anyo, ine_prov, ine_prov_n, tasa_empleo )\n\n#- junto geometría (df_geo_prov) con datos INE (df_new_2)\n#- las geometrías a la izquierda\ndf_ok_2 <- left_join(df_geo_prov, df_new_2, by = c(\"ine_prov\" = \"ine_prov\"))\n\n\np <- ggplot() + \n  geom_sf(data = df_ok_2, \n          aes(geometry = geometry, fill = tasa_empleo), \n          color = \"white\", size = 0.09) \n\n\n#- luego ya hay que tunearlo (un poco)\n\np + scale_fill_distiller(palette = 3, name = NULL) +\n  labs(title = \"Tasa de empleo en 2022 según Provincias \" , caption = \"Datos provenientes del INE\") + theme_void()\n\n```\n\nEn el mapa de España podemos ver cómo se distribuye el empleo. Aunque siga la misma estructura que el anterior, se pueden encontrar unas ligeras diferencias. Si hacemos la misma distinción que en la anterior pregunta, la zona norte continúa siendo la cabecera de la tasa de empleo y la zona sur está más perjudicada pero, podemos ver cómo es la zona oeste la que menores tasas de empleo acumula, Galicia, Castilla y León, Extremadura y Andalucía y es el noreste el que mejores tasas de empleo ha conseguido.\n\n# Conclusión\n\nCon este análisis podemos sacar una serie de conclusiones sobre el empleo.\nLas dos recientes crisis vividas en España, la del COVID-19 y la recesión económica de 2008, han hecho subir las tasas de paro a niveles excesivos especialmente en la recesión de 2008 con un tasa de desempleo creciente de 2007 a 2014 pero, en la actualidad está comenzando un proceso de estabilización de la misma. La brecha de género también se ha visto acentuada en época de crisis con la pandemia pero, esta continúa existiendo durante las épocas de desarrollo económico debido a que podemos considerarlo un asunto de social que para enmendarlo debe cambiar el pensamiento de la sociedad. \n\nLa estacionalidad en el empleo es un hecho; en los dos últimos trimestres del año la empleabilidad aumenta debido a los acontecimientos de dichas fechas. El verano en el que los jóvenes no tienen que estudiar y además en la industria textil se llevan a cabo las rebajas y ámbitos como la hostelería están más transitados. En navidad las compras aumentan y las tiendas necesitan más cantidad de personal. \n\nLas diferencias regionales en empleo siguen la misma línea que en la mayoría de aspectos económicos, el norte peninsular y las Islas Baleares obtienen mejores resultados que la zona sur de la península y las Islas Canarias como consecuencia de la evolución económica de cada zona y sus herramientas de ajuste. \n\nEl análisis del empleo es uno de los indicadores de mayor importancia sobre el desarrollo de la economía de un país, por lo tanto el gobierno de España debe dar prioridad a políticas activas de empleo porque aumentarán el bienestar del conjunto de la economía española. \n"},"formats":{"html":{"execute":{"fig-width":7,"fig-height":5,"fig-format":"retina","fig-dpi":96,"df-print":"default","error":false,"eval":true,"cache":null,"freeze":false,"echo":true,"output":true,"warning":true,"include":true,"keep-md":false,"keep-ipynb":false,"ipynb":null,"enabled":null,"daemon":null,"daemon-restart":false,"debug":false,"ipynb-filters":[],"engine":"knitr"},"render":{"keep-tex":false,"keep-source":false,"keep-hidden":false,"prefer-html":false,"output-divs":true,"output-ext":"html","fig-align":"default","fig-pos":null,"fig-env":null,"code-fold":"show","code-overflow":"wrap","code-link":true,"code-line-numbers":true,"code-tools":true,"tbl-colwidths":"auto","merge-includes":true,"latex-auto-mk":true,"latex-auto-install":true,"latex-clean":true,"latex-max-runs":10,"latex-makeindex":"makeindex","latex-makeindex-opts":[],"latex-tlmgr-opts":[],"latex-input-paths":[],"latex-output-dir":null,"link-external-icon":false,"link-external-newwindow":true,"self-contained-math":false,"format-resources":[]},"pandoc":{"standalone":true,"wrap":"none","default-image-extension":"png","to":"html","highlight-style":"a11y","css":["my_styles.css"],"toc":true,"toc-depth":3,"output-file":"blog.html"},"language":{},"metadata":{"lang":"es","fig-responsive":true,"quarto-version":"1.2.269","knitr":{"opts_chunk":{"collapse":true,"comment":"#>","fig.asp":"7/9","out.width":"95%","fig.align":"center","fig.show":"hold","R.options":"options(scipen = 999)"}},"theme":"flatly","page-layout":"full","code-copy":true,"title":"Evolución del mercado laboral en España","description":"Analizaremos la tasa de paro, actividad y empleo en España y Comunidad Valenciana en un periodo determinado de tiempo.\n","author":[{"name":"Paula Martínez (paumars3@alumni.uv.es)"},{"name":"Sonia Monleón (somonfer@alumni.uv.es)"},{"name":"Leire Montón  (leimon2@alumni.uv.es)"}],"date":"2022-12-23","categories":["trabajo BigData"],"image":"foto.jpg","title-block-banner":true,"title-block-banner-color":"white","toc-location":"left","smooth-scroll":true},"extensions":{"book":{"multiFile":true}}}}}