{"title":"Trabajo Big Data","markdown":{"yaml":{"title":"Trabajo Big Data","about":{"template":"solana","image-width":"10em","image-shape":"round","links":[{"icon":"github","text":"Github","href":"https://github.com"}]}},"containsRefs":false,"markdown":"\n\nSomos Paula Martínez, Sonia Monleón y Leire Montón\n\nEste es nuestro blog y vamos a presentar nuestro trabajo relacionado con el mercado laboral.\n\nRepo utilizado para elaborar el trabajo para la asignatura \"Programación y manejo de datos en la era del Big Data\" de la Universitat de València durante el curso 2022-2023. \n\nLa página web de la asignatura puede verse [aquí](https://perezp44.github.io/intro-ds-22-23-web/) \n\nEl repo del trabajo está [aquí](https://github.com/Soniamf)\n\n\n"},"formats":{"html":{"execute":{"fig-width":7,"fig-height":5,"fig-format":"retina","fig-dpi":96,"df-print":"default","error":false,"eval":true,"cache":null,"freeze":false,"echo":true,"output":true,"warning":true,"include":true,"keep-md":false,"keep-ipynb":false,"ipynb":null,"enabled":null,"daemon":null,"daemon-restart":false,"debug":false,"ipynb-filters":[],"engine":"markdown"},"render":{"keep-tex":false,"keep-source":false,"keep-hidden":false,"prefer-html":false,"output-divs":true,"output-ext":"html","fig-align":"default","fig-pos":null,"fig-env":null,"code-fold":"show","code-overflow":"wrap","code-link":false,"code-line-numbers":true,"code-tools":false,"tbl-colwidths":"auto","merge-includes":true,"latex-auto-mk":true,"latex-auto-install":true,"latex-clean":true,"latex-max-runs":10,"latex-makeindex":"makeindex","latex-makeindex-opts":[],"latex-tlmgr-opts":[],"latex-input-paths":[],"latex-output-dir":null,"link-external-icon":false,"link-external-newwindow":false,"self-contained-math":false,"format-resources":[]},"pandoc":{"standalone":true,"wrap":"none","default-image-extension":"png","to":"html","highlight-style":"a11y","css":["my_styles.css"],"toc":true,"output-file":"index.html"},"language":{},"metadata":{"lang":"es","fig-responsive":true,"quarto-version":"1.2.269","knitr":{"opts_chunk":{"collapse":true,"comment":"#>","fig.asp":"7/9","out.width":"95%","fig.align":"center","fig.show":"hold","R.options":"options(scipen = 999)"}},"theme":"flatly","page-layout":"full","code-copy":true,"title":"Trabajo Big Data","about":{"template":"solana","image-width":"10em","image-shape":"round","links":[{"icon":"github","text":"Github","href":"https://github.com"}]}},"extensions":{"book":{"multiFile":true}}}}}