{"title":"Evolución del mercado laboral en España","markdown":{"yaml":{"title":"Evolución del mercado laboral en España","date":"2022-12-23","author":"Paula Martínez, Sonia Monleón, Leire Montón","format":{"revealjs":{"scrollable":true,"slide-level":2,"height":900,"width":1600,"toc":false,"center-title-slide":true,"title-slide-attributes":{"data-background-color":"#F469AC"},"preview-links":"auto","link-external-newwindow":true,"transition":"fade","fontcolor":"#F469AC","highlight-style":"a11y","code-line-numbers":true,"number-sections":false,"slide-number":"c/t","incremental":false}},"footer":"Slides hechas con [Quarto](https://quarto.org/)\n"},"headingText":"Índice","containsRefs":false,"markdown":"\n\n\n1.  Introducción\n\n2.  Definiciones\n\n3.  Nivel nacional\n\n4.  Comunidad Valenciana\n\n5.  Nuestras provincias\n\n6.  Mapas\n\n7.  Conclusión\n\n-------------------\n\n## Introducción\n\nNuestro trabajo se centra en analizar la evolución del desempleo y del empleo a nivel nacional ya que es un tema que está a la orden del día y desde nuestro punto de vista es interesante aprender y saber sobre ello. Los datos han sido obtenidos del INE.\n\n```{r, eval=TRUE, echo=FALSE, out.width=\"15%\", fig.pos=\"right\"}\n\nknitr::include_graphics( here :: here (\"foto.jpg\"))\n\n```\n\n-------------------\n\n## Definiciones\n\n\n-   TASA DE PARO (TASA DE DESEMPLEO): Es el cociente entre el número de parados y el de activos. El desempleo es la situación en la que se encuentra una persona en edad y capacidad de trabajar pero no tiene un trabajo remunerado o un empleo por cuenta propia.\n\n\n\n\n-   TASA DE ACTIVIDAD: Es el cociente entre el total de activos y la población mayor de 16 años (en edad de trabajar). Es decir, dicha tasa nos dice cuántas personas se encuentran en edad de trabajar y desean hacerlo.\n\n\n\n\n-   TASA DE OCUPACIÓN (TASA DE EMPLEO): proporción de personas ocupadas sobre el total de población de esas edades.\n\n------------------\n\n## Nivel nacional \n\n### Tasa paro, actividad, empleo \n\nEvolución de las tasas a nivel nacional de ambos sexos\n\n```{r, include = FALSE}\n\n\n#- Ultimos datos EPA:  https://www.ine.es/dyngs/INEbase/es/operacion.htm?c=Estadistica_C&cid=1254736176918&menu=ultiDatos&idp=1254735976595\n#- Hay muchas tablas. anuales, trimestrales, CCAA, provinciales etc ... etc ...\n\nlibrary(tidyverse)\nlibrary(sf)\nlibrary(ggplot2)\nlibrary(ggplotify)\nlibrary(ggplotlyExtra)\n\n\n#- Tasas de actividad, paro y empleo por provincia y sexo: https://www.ine.es/jaxiT3/Tabla.htm?t=3996&L=0\n\n\n#- Descargamos la tabla del INE\nmy_url <- \"https://www.ine.es/jaxiT3/files/t/es/csv_bdsc/3996.csv?nocab=1\"\ncurl::curl_download(my_url, \"./datos/epa_tab_sonia.csv\")\n\n#- DETALLE: los datos q hemos descargados están en formato \"csv\" (PERO separados por ;)\n#- Importamos la tabla al Global\ndf <- rio::import(\"./datos/epa_tab_sonia.csv\") #- no los interpreta bien\nstr(df)\n#- antes de hacer nada: los nombres de las variables tienen q estar bien (ser sintácticamente válidos)\nnames(df) #- están bien pero ... aún así quiero recordar janitor::clean_names()\ndf <- janitor::clean_names(df) \n#- lo arreglamos\ndf <- df %>% mutate(total = stringr::str_replace(total, \",\" , \".\" ))\ndf <- df %>% mutate(total.n = as.numeric(total)) #- había pb en Melilla 2002T2\nstr(df)\ndf <- df %>% select(-total) %>% rename(total = total.n) #- quito lo q sobra\nstr(df)\n\n\n\n#- Veamos q hay en df ----------------------------------------------------\ndf_dicc <- pjpv.curso.R.2022::pjp_dicc(df)\ndf_uniques <- pjpv.curso.R.2022::pjp_valores_unicos(df)\nnames(df)\nrm(df_dicc, df_uniques)\n\n\n#- antes empezar hay que separar 2 columnas\n#- 1) la v. fecha está como texto (\"2022T3\") la pasamos a fecha y sacamos año y mes\ndf <- df %>% \n  mutate(fecha = lubridate::yq(periodo)) %>% \n  mutate(anyo = lubridate::year(fecha)) %>% \n  #mutate(mes = lubridate::month(fecha)) %>% #- el mes no tiene sentido (son trimestrales)\n  mutate(trimestre = lubridate::quarter(fecha))  %>% \n  select(-periodo)   #- quito lo q no hace falta\n\n#- en provincias estan las 52 prov y el \"Total nacional\"\n#- arreglarlo\ndf <- df %>% \n  mutate(provincias = ifelse(provincias == \"Total Nacional\",\n                             paste(\"00\", provincias),\n                             provincias))\ndf <- df %>%  \n  tidyr::separate(provincias, sep = \" \", \n                  into = c(\"ine_prov\", \"ine_prov.n\"), extra = \"merge\") \n\n\ndf_wide <- df %>% pivot_wider(names_from = tasas, values_from = total) \ndf_wide <- janitor::clean_names(df_wide)\nnames(df_wide)\ndf_wide <- df_wide %>% \n  rename(tasa_actividad = tasa_de_actividad) %>% \n  rename(tasa_paro = tasa_de_paro_de_la_poblacion) %>% \n  rename(tasa_empleo = tasa_de_empleo_de_la_poblacion) \n\n```\n\n```{r, echo = FALSE,message = FALSE, warning = FALSE}\n#tasa de paro \n\ndf_totnac <-  df_wide %>% filter(ine_prov_n == \"Total Nacional\") %>% filter(sexo == \"Ambos sexos\") %>% filter(trimestre == 4)\n\np2_paro <- ggplot(data = df_totnac, \n             aes(x = anyo, y = tasa_paro)) + geom_col(fill = \"#82E0AA\") + labs(title = \"Evolución de la tasa de paro a nivel nacional\",\n       caption = \"Datos provenientes del INE\",\n       x = \"\",\n       y = \"Tasa de paro\") + theme_light()\n\np2_paro + geom_smooth(color = \"black\") \n\n```\n\n--------- \n\n```{r, echo = FALSE,message = FALSE, warning = FALSE}\n#tasa de actividad\n\np2_actividad <- ggplot(data = df_totnac, \n                  aes(x = anyo, y = tasa_actividad)) + geom_col(fill = \"#EC7063\") + labs(title = \"Evolución de la tasa de actividad a nivel nacional\", caption = \"Datos provenientes del INE\",x = \"\", y = \"Tasa de actividad\") + theme_light()\n\np2_actividad + geom_smooth(color = \"black\")\n\n```\n\n----------\n\n```{r, echo = FALSE,message = FALSE, warning = FALSE}\n\n#tasa empleo \n\np2_empleo <- ggplot(data = df_totnac, \n                  aes(x = anyo, y = tasa_empleo)) + geom_col(fill = \"#BB8FCE\") + labs(title = \"Evolución de la tasa de empleo a nivel nacional\", caption = \"Datos provenientes del INE\",x = \"\", y = \"Tasa de empleo\") + theme_light()\n\np2_empleo + geom_smooth(color = \"black\")\n                      \n```\n\n---------\n\n### La Gran Recesión vs el COVID-19\n\nComparación de la tasa de paro durante el covid y la crisis del 2008. ¿En cuál tuvo más impacto?\n\n```{r, echo = FALSE, message = FALSE, warning = FALSE}\ndf_covid <- df_wide %>% filter(anyo %in% c(2018, 2019, 2020, 2021,2022)) %>% filter(ine_prov_n == \"Total Nacional\") %>% filter(sexo == \"Ambos sexos\")  %>% select(tasa_paro, anyo, trimestre)\n\np6_covid <- ggplot(data = df_covid, aes(x = anyo, y = tasa_paro, color = trimestre)) + geom_line() + geom_point() +\n  labs(title = \"Tasa de paro durante el COVID 19\",\n       subtitle = \"(por trimestre)\",\n       caption = \"Datos provenientes del INE\",\n       x = \"\",\n       y = \"Tasa de paro\",\n       color = \"Trimestre\") + theme_classic() \n\nplotly::ggplotly(p6_covid)\n\n\ndf_2008 <- df_wide %>% filter(anyo %in% c(2007, 2008, 2009,2010, 2011, 2012, 2013, 2014)) %>% filter(ine_prov_n == \"Total Nacional\") %>% filter(sexo == \"Ambos sexos\") %>% select(tasa_paro, anyo, trimestre)\n\np6_2008 <- ggplot(data = df_2008, aes(x = anyo, y = tasa_paro, color = trimestre)) + geom_line() + geom_point() +\n  labs(title = \"Tasa de paro durante la Gran Recesión\",\n       subtitle = \"(por trimestre)\",\n       caption = \"Datos provenientes del INE\",\n       x = \"\",\n       y = \"Tasa de paro\",\n       color = \"Trimestre\") + theme_classic()\n\nplotly::ggplotly(p6_2008)\n\n```\n\n---------- \n\n### Tasas según provincias \n\n¿Qué provincia tuvo un mayor paro en 2020 (año del covid)? ¿ Y un mayor empleo?\n\n\n```{r, echo = FALSE, message = FALSE, warning = FALSE}\nlibrary(gt)\n\ntop_1_paro <- df_wide %>% filter(anyo == 2020) %>% \n  filter(sexo == \"Ambos sexos\") %>% top_n(1, tasa_paro) %>% group_by(ine_prov_n) %>% select(ine_prov_n, anyo, trimestre, tasa_paro) %>% \n  ungroup()\n\n\nimg_locales <- c(\"./imagenes/bandera_Jaen.png\")\n\ndf_img <- cbind(top_1_paro, img_locales)  \ntt_img <- df_img %>% gt() \ntt_img %>% \n  gt::text_transform(locations = cells_body(columns = c(img_locales)), \n                     fn = function(x){gt::local_image(x, height = 30)}) %>% \n  tab_header(title = \"Provincia con mayor paro en 2020\") %>% cols_label(anyo = \"Año\", trimestre = \"Trimestre\", tasa_paro = \"Tasa de paro\", ine_prov_n = \"Provincia\", img_locales = \"\") %>% \n  opt_table_font(font = google_font(\"Fira Mono\")) %>% \n  tab_options(column_labels.border.bottom.color = \"black\",\n              table_body.border.bottom.color = \"black\",\n              table_body.hlines.color = \"white\") \n              \n\n#Provincia con mayor empleo en 2020 \n\ntop_1_empleo <- df_wide %>% filter(anyo == 2020) %>%\n  filter(sexo == \"Ambos sexos\") %>% top_n(1, tasa_empleo) %>% group_by(ine_prov_n)  %>% select(ine_prov_n, anyo, trimestre, tasa_empleo) %>% ungroup()\n\nimg_locales2 <- c(\"./imagenes/bandera_Lleida.png\")\n\ndf_img2 <- cbind(top_1_empleo, img_locales2) \ntt_img2 <- df_img2 %>% gt() \ntt_img2 %>% \n  gt::text_transform(locations = cells_body(columns = c(img_locales2)),fn = function(x){gt::local_image(x, height = 30)}) %>% \n  tab_header(title = \"Provincia con mayor empleo en 2020\") %>% cols_label(anyo = \"Año\", trimestre = \"Trimestre\", tasa_empleo = \"Tasa de empleo\", ine_prov_n = \"Provincia\", img_locales2 = \"\") %>%\n  opt_table_font(font = google_font(\"Fira Mono\")) %>% \n  tab_options(column_labels.border.bottom.color = \"black\",\n              table_body.border.bottom.color = \"black\",\n              table_body.hlines.color = \"white\")\n\n```\n\n-----------\n\n### Brecha de género\n\n¿Existe una brecha de género en la actualidad en cuanto al empleo?\n\n```{r, echo = FALSE, message = FALSE, warning = FALSE}\ndf_3 <- df_wide  %>% \n  filter(sexo != \"Ambos sexos\") %>% filter(ine_prov_n == \"Total Nacional\") %>% filter(trimestre == 1) %>% select(tasa_empleo, sexo, ine_prov_n, anyo)\n\np3 <- ggplot(data = df_3, aes(x = anyo, y = tasa_empleo, color = sexo)) +\n  geom_line(linewidth = 1.5) +\n  geom_label(data = df_3, aes(x = anyo, y = tasa_empleo, label = \n                                tasa_empleo)) +\n  labs(title = \"Brecha de género en cuanto a empleo\", caption = \"Datos \nprovenientes del INE\",x = \"\", y = \"Tasa de empleo\")+\n  scale_color_manual(values = c(\"purple\", \"green\"), name = NULL) + \n  theme(legend.position = \"none\") +\n  annotate(geom = \"text\", x = 2024, y = 56.2, label =\"Hombres\", color = \n             \"black\", size = 4) +\n  annotate(geom = \"text\", x = 2024, y = 45.5, label =\"Mujeres\", color = \n             \"black\", size = 4)+ theme_classic() +\n  theme(legend.position = \"none\")\n\np3\n\n```\n\n---------\n\n## Comunidad Valenciana\n\n### Tasa de paro \n\nAnalizar la evolución del paro en el último trimestre desde 2002 hasta 2021 en la Comunidad Valencia (por provincias) para ambos sexos\n\n```{r, echo=FALSE, message = FALSE, warning = FALSE}\nPreg_0 <- df_wide  %>% filter(ine_prov_n %in% c(\"Valencia/València\", \"Alicante/Alacant\", \"Castellón/Castelló\")) %>% select(tasa_paro, anyo, ine_prov_n, trimestre) %>% \n  filter(trimestre == 4)\n\np0 <- ggplot(data = Preg_0, \n             aes(x = anyo, y = tasa_paro)) + geom_col(fill = \"#E31B88\") \n\n\np0 <- p0 + facet_grid(rows = vars(ine_prov_n)) +\n  labs(title = \"Evolución del paro en la Comunidad Valenciana\",\n       subtitle = \"(último trimestre de cada año)\",\n       caption = \"Datos provenientes del INE\",\n       x = \"\",\n       y = \"Tasa de paro\") + theme_classic() \n\nplotly::ggplotly(p0)\n\n```\n\n---------\n\nTasa de paro según mujeres y hombres durante los 4 trimestres del 2020 en Valencia\n\n```{r, echo=FALSE, message = FALSE, warning = FALSE}\ndf_trimestre_1 <- df_wide %>% filter(sexo %in% c(\"Hombres\", \"Mujeres\")) %>% filter(ine_prov_n == \"Valencia/València\") %>% filter(anyo == 2020) %>% select(tasa_paro,trimestre, sexo, anyo)%>% filter(trimestre == 1)\n\nprimer_trimestre <- ggplot(df_trimestre_1, aes(\"\", tasa_paro, fill = sexo)) + geom_bar(stat = \"identity\", color=\"white\") +\n  coord_polar(theta = \"y\") +  \n  theme_void() +  \n  scale_fill_manual(values=c(\"orchid1\",\"olivedrab1\")) + geom_text(aes(label = tasa_paro),  position = position_stack(vjust = 0.5), color = \"black\", size = 2.5) + \n  labs(subtitle = \"Primer trimestre\") + \n  theme(plot.subtitle = element_text(hjust = 0.5)) + \n  theme(legend.position = \"none\") \n\n\n\n\ndf_trimestre_2 <- df_wide %>% filter(sexo %in% c(\"Hombres\", \"Mujeres\")) %>% filter(ine_prov_n == \"Valencia/València\") %>% filter(anyo == 2020) %>% select(tasa_paro,trimestre, sexo, anyo)%>% filter(trimestre == 2)\n\nsegundo_trimestre <- ggplot(df_trimestre_2, aes(\"\", tasa_paro, fill = sexo)) + geom_bar(stat = \"identity\", color=\"white\") +\n  coord_polar(theta = \"y\") +  \n  theme_void() +  \n  scale_fill_manual(values=c(\"orchid1\",\"olivedrab1\")) + geom_text(aes(label = tasa_paro),  position = position_stack(vjust = 0.5), color = \"black\", size = 2.5) + \n  labs(subtitle = \"Segundo trimestre\") + \n  theme(plot.subtitle = element_text(hjust = 0.5)) + \n  theme(legend.position = \"none\") \n\n\n\ndf_trimestre_3 <- df_wide %>% filter(sexo %in% c(\"Hombres\", \"Mujeres\")) %>% filter(ine_prov_n == \"Valencia/València\") %>% filter(anyo == 2020) %>% select(tasa_paro,trimestre, sexo, anyo)%>% filter(trimestre == 3)\n\ntercer_trimestre <- ggplot(df_trimestre_3, aes(\"\", tasa_paro, fill = sexo)) + geom_bar(stat = \"identity\", color=\"white\") +\n  coord_polar(theta = \"y\") +  \n  theme_void() +  \n  scale_fill_manual(values=c(\"orchid1\",\"olivedrab1\")) + geom_text(aes(label = tasa_paro),  position = position_stack(vjust = 0.5), color = \"black\", size = 2.5) + \n  labs(subtitle = \"Tercer trimestre\") + \n  theme(plot.subtitle = element_text(hjust = 0.5)) + \n  theme(legend.position = \"none\") \n\n\n\ndf_trimestre_4 <- df_wide %>% filter(sexo %in% c(\"Hombres\", \"Mujeres\")) %>% filter(ine_prov_n == \"Valencia/València\") %>% filter(anyo == 2020) %>% select(tasa_paro,trimestre, sexo, anyo)%>% filter(trimestre == 4)\n\ncuarto_trimestre <- ggplot(df_trimestre_4, aes(\"\", tasa_paro, fill = sexo)) + geom_bar(stat = \"identity\", color=\"white\") +\n  coord_polar(theta = \"y\") +  \n  theme_void() +  \n  scale_fill_manual(values=c(\"orchid1\",\"olivedrab1\")) + geom_text(aes(label = tasa_paro),  position = position_stack(vjust = 0.5), color = \"black\", size = 2.5) + \n  labs(subtitle = \"Cuarto trimestre\") + \n  theme(plot.subtitle = element_text(hjust = 0.5)) + \n  theme(legend.position = \"none\") \n\n\nlibrary(patchwork)\n\np1 <- (primer_trimestre + segundo_trimestre) / (tercer_trimestre + cuarto_trimestre) + labs(title = \"tasa de paro durante los 4 trimestres del 2020\", color = \"sexo\") + theme(legend.position = \"left\") \np1 \n\n```\n\n---------\n\n### Estacionalidad \n\n::: {.panel-tabset}\n\n\n### Primer Trimestre\n\n```{r, echo=FALSE, message = FALSE, warning = FALSE}\n\nestac_t1 <- df_wide  %>% filter(ine_prov_n %in% c(\"Valencia/València\", \"Alicante/Alacant\", \"Castellón/Castelló\"))%>% filter(trimestre == 1) %>% filter(sexo == \"Ambos sexos\") %>% select(tasa_empleo, anyo, ine_prov_n) \n\ntt_1 <- estac_t1 %>% gt()\ntt_1 <- gt::gt(estac_t1)\ntt_1 %>% \n  tab_header(title = \"Estacionalidad Comunidad Valenciana\", subtitle = md (\"**primer trimestre**\")) %>% cols_label(tasa_empleo = \"Tasa de empleo\",  anyo = \"Año\", ine_prov_n = \"Provincia\") %>% cols_move(columns = c(tasa_empleo, anyo), after = c(ine_prov_n))  %>% \n  fmt_number(columns = c(tasa_empleo),\n             decimals = 2, \n             sep_mark = \".\", \n             dec_mark = \",\")  %>% \n  summary_rows(columns = c(tasa_empleo),\n               fns = list(Media = ~ mean(., na.rm = TRUE))) %>% opt_stylize(style = 1, color = \"red\")\n```\n\n\n### Segundo Trimestre \n\n```{r, echo=FALSE, message = FALSE, warning = FALSE}\n\nestac_t2 <- df_wide  %>% filter(ine_prov_n %in% c(\"Valencia/València\", \"Alicante/Alacant\", \"Castellón/Castelló\"))%>% filter(trimestre == 2) %>% filter(sexo == \"Ambos sexos\") %>% select(tasa_empleo, anyo, ine_prov_n) \n\ntt_2 <- estac_t2 %>% gt()\ntt_2 <- gt::gt(estac_t2)\ntt_2 %>% \n  tab_header(title = \"Estacionalidad Comunidad Valenciana\", subtitle = md (\"**segundo trimestre**\")) %>% cols_label(tasa_empleo = \"Tasa de empleo\",  anyo = \"Año\", ine_prov_n = \"Provincia\") %>% cols_move(columns = c(tasa_empleo, anyo), after = c(ine_prov_n))%>% \n  fmt_number(columns = c(tasa_empleo),\n             decimals = 2, \n             sep_mark = \".\", \n             dec_mark = \",\")%>% \n  summary_rows(columns = c(tasa_empleo),\n               fns = list(Media = ~ mean(., na.rm = TRUE))) %>% opt_stylize(style = 1, color = \"green\")\n\n\n```\n\n### Tercer Trimestre \n\n```{r, echo=FALSE, message = FALSE, warning = FALSE}\n\nestac_t3 <- df_wide  %>% filter(ine_prov_n %in% c(\"Valencia/València\", \"Alicante/Alacant\", \"Castellón/Castelló\"))%>% filter(trimestre == 3) %>% filter(sexo == \"Ambos sexos\") %>% select(tasa_empleo, anyo, ine_prov_n) \n\ntt_3 <- estac_t3 %>% gt()\ntt_3 <- gt::gt(estac_t3)\ntt_3 %>% \n  tab_header(title = \"Estacionalidad Comunidad Valenciana\", subtitle = md (\"**tercer trimestre**\")) %>% cols_label(tasa_empleo = \"Tasa de empleo\",  anyo = \"Año\", ine_prov_n = \"Provincia\") %>% cols_move(columns = c(tasa_empleo, anyo), after = c(ine_prov_n)) %>% \n  fmt_number(columns = c(tasa_empleo),\n             decimals = 2, \n             sep_mark = \".\", \n             dec_mark = \",\") %>% \n  summary_rows(columns = c(tasa_empleo),\n               fns = list(Media = ~ mean(., na.rm = TRUE))) %>% opt_stylize(style = 1, color = \"pink\")\n\n\n```\n\n### Cuarto trimestre \n\n```{r, echo=FALSE, message = FALSE, warning = FALSE}\n\nestac_t4 <- df_wide  %>% filter(ine_prov_n %in% c(\"Valencia/València\", \"Alicante/Alacant\", \"Castellón/Castelló\"))%>% filter(trimestre == 4) %>% filter(sexo == \"Ambos sexos\") %>% select(tasa_empleo, anyo, ine_prov_n) \n\ntt_4 <- estac_t4 %>% gt()\ntt_4 <- gt::gt(estac_t4)\ntt_4 %>% \n  tab_header(title = \"Estacionalidad Comunidad Valenciana\", subtitle = md (\"**cuarto trimestre**\")) %>% cols_label(tasa_empleo = \"Tasa de empleo\",  anyo = \"Año\", ine_prov_n = \"Provincia\") %>% cols_move(columns = c(tasa_empleo, anyo), after = c(ine_prov_n))  %>% \n  fmt_number(columns = c(tasa_empleo),\n             decimals = 2, \n             sep_mark = \".\", \n             dec_mark = \",\") %>% \n  summary_rows(columns = c(tasa_empleo),\n               fns = list(Media = ~ mean(., na.rm = TRUE))) %>% opt_stylize(style = 1, color = \"cyan\")\n\n  \n```\n:::\n\n----------\n\n## Nuestras provincias \n\nYa que cada integrante del grupo pertenece a una provincia hemos decidido buscar cuál ha sido el año en el que más actividad ha habido en cada una de nuestras provincias.\n\n```{r, echo=FALSE, message = FALSE, warning = FALSE}\n#Teruel \n\nteruel <- df_wide %>% filter(ine_prov_n == \"Teruel\") %>% \n  filter(sexo == \"Ambos sexos\") %>% top_n(1, tasa_actividad) %>% group_by(anyo) %>% select(anyo, trimestre, tasa_actividad) %>% ungroup()\n\nimg_locales3 <- c(\"./imagenes/bandera_ter.png\")\n\ndf_img3 <- cbind(teruel, img_locales3) \ntt_img3 <- df_img3 %>% gt() \ntt_img3 %>% \n  gt::text_transform(locations = cells_body(columns = c(img_locales3)), \n                     fn = function(x){gt::local_image(x, height = 30)}) %>% \n  tab_header(title = \"Año con mayor Tasa de Actividad\", subtitle = md (\"**Teruel**\")) %>% cols_label(anyo = \"Año\", trimestre = \"Trimestre\", tasa_actividad = \"Tasa de actividad\", img_locales3 = \"\") %>%\n  opt_table_font(font = google_font(\"Fira Mono\")) %>% \n  tab_options(column_labels.border.bottom.color = \"black\",\n              table_body.border.bottom.color = \"black\",\n              table_body.hlines.color = \"white\")\n\n#Logroño \n\nLa_Rioja <- df_wide %>% filter(ine_prov_n == \"Rioja, La\") %>% \n  filter(sexo == \"Ambos sexos\") %>% top_n(1, tasa_actividad) %>% group_by(anyo) %>% select(anyo, trimestre, tasa_actividad) %>% ungroup()\n\nimg_locales4 <- c(\"./imagenes/bandera_rioja.png\")\n\ndf_img4 <- cbind(La_Rioja, img_locales4) \ntt_img4 <- df_img4 %>% gt() \ntt_img4 %>% \n  gt::text_transform(locations = cells_body(columns = c(img_locales4)), \n                     fn = function(x){gt::local_image(x, height = 30)}) %>% \n  tab_header(title = \"Año con mayor Tasa de Actividad\", subtitle = md (\"**La Rioja**\")) %>% cols_label(anyo = \"Año\", trimestre = \"Trimestre\", tasa_actividad = \"Tasa de actividad\", img_locales4 = \"\") %>%\n  opt_table_font(font = google_font(\"Fira Mono\")) %>% \n  tab_options(column_labels.border.bottom.color = \"black\",\n              table_body.border.bottom.color = \"black\",\n              table_body.hlines.color = \"white\")\n\n\n#Valencia \n\nValencia <- df_wide %>% filter(ine_prov_n == \"Valencia/València\") %>%\n  filter(sexo == \"Ambos sexos\") %>% top_n(1, tasa_actividad) %>% group_by(anyo) %>% select(anyo, trimestre, tasa_actividad) %>% ungroup()\n\nimg_locales5 <- c(\"./imagenes/bandera_Vlc.png\")\n\ndf_img5 <- cbind(Valencia, img_locales5) \ntt_img5 <- df_img5 %>% gt() \ntt_img5 %>% \n  gt::text_transform(locations = cells_body(columns = c(img_locales5)), \n                     fn = function(x){gt::local_image(x, height = 30)}) %>% \n  tab_header(title = \"Año con mayor Tasa de Actividad\", subtitle = md (\"**Valencia**\")) %>% cols_label(anyo = \"Año\", trimestre = \"Trimestre\", tasa_actividad = \"Tasa de actividad\", img_locales5 = \"\") %>%\n  opt_table_font(font = google_font(\"Fira Mono\")) %>% \n  tab_options(column_labels.border.bottom.color = \"black\",\n              table_body.border.bottom.color = \"black\",\n              table_body.hlines.color = \"white\")\n\n```\n\n---------\n\n## Mapas \n\n### Tasa de paro \n\n```{r, echo = FALSE, message = FALSE, warning = FALSE}\n#- cargo geometrías de provincias\ndf_geo_prov <- pjpv.curso.R.2022::LAU2_prov_2020_canarias\n\n\n#- me quedo con las vv. q me interesan\ndf_geo_prov <- df_geo_prov %>% select(ine_prov, ine_prov.n)\n\n\n\n#creo un nuevo df con los datos que quiero\n\ndf_new <- df_wide %>% filter(sexo == \"Ambos sexos\") %>% filter(anyo == 2022) %>% filter(trimestre == 3) %>%  filter(ine_prov_n!= \"Total Nacional\") %>% select(anyo, ine_prov, ine_prov_n, tasa_paro )\n\n#- junto geometría (df_geo_prov) con datos INE (df_new)\n#- las geometrías a la izquierda\ndf_ok <- left_join(df_geo_prov, df_new, by = c(\"ine_prov\" = \"ine_prov\"))\n\n\np <- ggplot() + \n  geom_sf(data = df_ok, \n          aes(geometry = geometry, fill = tasa_paro), \n          color = \"white\", size = 0.09) \n\n\n\n#- luego ya hay que tunearlo \np + scale_fill_distiller(palette = 11, name = NULL) +\n  labs(title = \"Tasa de paro en 2022 según Provincias \" , caption = \"Datos provenientes del INE\") + theme_void()\n\n```\n\n-----------\n\n### Tasa de empleo \n\n```{r, echo=FALSE, message = FALSE, warning = FALSE}\n#mapa empleo 2022\n\n#creo un nuevo df con los datos que quiero\n\ndf_new_2 <- df_wide %>% filter(sexo == \"Ambos sexos\") %>% filter(anyo == 2022) %>% filter(trimestre == 3) %>%  filter(ine_prov_n!= \"Total Nacional\") %>% select(anyo, ine_prov, ine_prov_n, tasa_empleo )\n\n#- junto geometría (df_geo_prov) con datos INE (df_new_2)\n#- las geometrías a la izquierda\ndf_ok_2 <- left_join(df_geo_prov, df_new_2, by = c(\"ine_prov\" = \"ine_prov\"))\n\n\np <- ggplot() + \n  geom_sf(data = df_ok_2, \n          aes(geometry = geometry, fill = tasa_empleo), \n          color = \"white\", size = 0.09) \n\n\n#- luego ya hay que tunearlo (un poco)\n\np + scale_fill_distiller(palette = 3, name = NULL) +\n  labs(title = \"Tasa de empleo en 2022 según Provincias \" , caption = \"Datos provenientes del INE\") + theme_void()\n\n```\n\n-----------\n\n## Conclusión\n\nEl análisis del empleo es uno de los indicadores de mayor importancia sobre el desarrollo de la economía de un país, por lo tanto el gobierno de España debe dar prioridad a políticas activas de empleo porque aumentarán el bienestar del conjunto de la economía española.\n\n```{r, eval=TRUE, echo=FALSE, out.width=\"15%\", fig.pos=\"right\"}\n\nknitr::include_graphics( here :: here (\"gracias.png\"))\n\n```\n\n"},"formats":{"revealjs":{"execute":{"fig-width":10,"fig-height":5,"fig-format":"retina","fig-dpi":96,"df-print":"default","error":false,"eval":true,"cache":null,"freeze":false,"echo":false,"output":true,"warning":false,"include":true,"keep-md":false,"keep-ipynb":false,"ipynb":null,"enabled":null,"daemon":null,"daemon-restart":false,"debug":false,"ipynb-filters":[],"engine":"knitr"},"render":{"keep-tex":false,"keep-source":false,"keep-hidden":false,"prefer-html":false,"output-divs":true,"output-ext":"html","fig-align":"default","fig-pos":null,"fig-env":null,"code-fold":"none","code-overflow":"scroll","code-link":false,"code-line-numbers":true,"code-tools":false,"tbl-colwidths":"auto","merge-includes":true,"latex-auto-mk":true,"latex-auto-install":true,"latex-clean":true,"latex-max-runs":10,"latex-makeindex":"makeindex","latex-makeindex-opts":[],"latex-tlmgr-opts":[],"latex-input-paths":[],"latex-output-dir":null,"link-external-icon":false,"link-external-newwindow":true,"self-contained-math":false,"format-resources":[]},"pandoc":{"standalone":true,"wrap":"none","default-image-extension":"png","html-math-method":{"method":"mathjax","url":"https://cdnjs.cloudflare.com/ajax/libs/mathjax/2.7.0/MathJax.js?config=TeX-AMS_HTML-full"},"slide-level":2,"to":"revealjs","toc":false,"highlight-style":"a11y","number-sections":false,"incremental":false,"output-file":"slides_trabajo_grupo.html"},"language":{},"metadata":{"lang":"es","fig-responsive":false,"quarto-version":"1.2.269","auto-stretch":true,"knitr":{"opts_chunk":{"collapse":true,"comment":"#>","fig.asp":"7/9","out.width":"95%","fig.align":"center","fig.show":"hold","R.options":"options(scipen = 999)"}},"title":"Evolución del mercado laboral en España","date":"2022-12-23","author":"Paula Martínez, Sonia Monleón, Leire Montón","footer":"Slides hechas con [Quarto](https://quarto.org/)\n","scrollable":true,"height":900,"width":1600,"center-title-slide":true,"title-slide-attributes":{"data-background-color":"#F469AC"},"previewLinks":"auto","transition":"fade","fontcolor":"#F469AC","slideNumber":"c/t"}}}}